{
	"constants": {
		"e0":1,
		"m0":1,
		"dt":0.005,
		"steps":200,
		"time_culling_factor":10,
		"space_culling_factor":1,
		"boundary_condition":"clip"
	},
	"objects": [
		{
			"type":"point",
			"location":[15,15,14],
			"E": [
				1.0,
				0.0,
				0.0
			],
			"B": [
				0.0,
				0.0,
				0.0
			]
		},
		{
			"type":"point",
			"location":[16,15,15],
			"E": [
				0.0,
				0.0,
				1.0
			],
			"B": [
				0.0,
				0.0,
				0.0
			]
		},
		{
			"type":"point",
			"location":[15,15,16],
			"E": [
				-1.0,
				0.0,
				0.0
			],
			"B": [
				0.0,
				0.0,
				0.0
			]
		},
		{
			"type":"point",
			"location":[14,15,15],
			"E": [
				0.0,
				0.0,
				-1.0
			],
			"B": [
				0.0,
				0.0,
				0.0
			]
		}
	]
}