{
	"constants": {
		"e0":1,
		"m0":1,
		"dt":0.005,
		"steps":200,
		"time_culling_factor":10,
		"space_culling_factor":1,
		"boundary_condition":"clip"
	},
	"objects": [
		{
			"type":"point",
			"location":[
				3, 2, 8
			],
			"E": [
				1.0,
				2.0,
				3.0
			],
			"B": [
				1.0,
				2.0,
				-3.0
			]
		},
		{
			"type":"plane",
			"axis":"x",
			"location":4,
			"E": [
				3.0,
				1.0,
				1.0
			],
			"B": [
				1.0,
				2.0,
				-3.0
			]
		}
	]
}